{"cameraMode":{"drawMode":0,"name":"Shaded","section":"Shading Mode"},"sceneLighting":true,"audioPlay":false,"sceneViewState":{"m_AlwaysRefresh":true,"showFog":true,"showSkybox":true,"showFlares":true,"showImageEffects":true,"showParticleSystems":true,"showVisualEffectGraphs":true,"m_FxEnabled":true},"in2DMode":false,"pivot":{"x":13.013214111328125,"y":-1.5422885417938233,"z":14.169797897338868},"rotation":{"x":-0.04680318012833595,"y":-0.942318320274353,"z":0.2970640957355499,"w":-0.14799392223358155},"size":10.283349990844727,"orthographic":false}