{"cameraMode":{"drawMode":0,"name":"Shaded","section":"Shading Mode"},"sceneLighting":true,"audioPlay":false,"sceneViewState":{"m_AlwaysRefresh":true,"showFog":true,"showSkybox":true,"showFlares":true,"showImageEffects":true,"showParticleSystems":true,"showVisualEffectGraphs":true,"m_FxEnabled":true},"in2DMode":false,"pivot":{"x":2.5215377807617189,"y":1.738060712814331,"z":4.700045585632324},"rotation":{"x":0.23573163151741029,"y":0.0640854761004448,"z":-0.015580674633383751,"w":0.9695797562599182},"size":4.308809757232666,"orthographic":false}