{"cameraMode":{"drawMode":0,"name":"Shaded","section":"Shading Mode"},"sceneLighting":true,"audioPlay":false,"sceneViewState":{"m_AlwaysRefresh":true,"showFog":true,"showSkybox":true,"showFlares":true,"showImageEffects":true,"showParticleSystems":true,"showVisualEffectGraphs":true,"m_FxEnabled":true},"in2DMode":false,"pivot":{"x":-6.960539817810059,"y":-2.829357147216797,"z":1.3206863403320313},"rotation":{"x":-0.4359000623226166,"y":-0.02402082085609436,"z":0.011634396389126778,"w":-0.8996266722679138},"size":10.726975440979004,"orthographic":false}