{"cameraMode":{"drawMode":0,"name":"Shaded","section":"Shading Mode"},"sceneLighting":true,"audioPlay":false,"sceneViewState":{"m_AlwaysRefresh":true,"showFog":true,"showSkybox":true,"showFlares":true,"showImageEffects":true,"showParticleSystems":true,"showVisualEffectGraphs":true,"m_FxEnabled":true},"in2DMode":false,"pivot":{"x":14.472286224365235,"y":-0.6302418112754822,"z":13.184205055236817},"rotation":{"x":0.010935247875750065,"y":0.9575803279876709,"z":-0.2861768901348114,"w":0.03630157932639122},"size":2.666025161743164,"orthographic":false}