{"cameraMode":{"drawMode":0,"name":"Shaded","section":"Shading Mode"},"sceneLighting":false,"audioPlay":false,"sceneViewState":{"m_AlwaysRefresh":true,"showFog":true,"showSkybox":false,"showFlares":true,"showImageEffects":true,"showParticleSystems":true,"showVisualEffectGraphs":true,"m_FxEnabled":true},"in2DMode":false,"pivot":{"x":-0.0655968189239502,"y":2.7809109687805177,"z":0.09810018539428711},"rotation":{"x":0.31920796632766726,"y":0.007108593359589577,"z":-0.0023918922524899246,"w":0.9476622939109802},"size":3.329829216003418,"orthographic":false}