{"cameraMode":{"drawMode":0,"name":"Shaded","section":"Shading Mode"},"sceneLighting":false,"audioPlay":false,"sceneViewState":{"m_AlwaysRefresh":true,"showFog":true,"showSkybox":false,"showFlares":true,"showImageEffects":true,"showParticleSystems":true,"showVisualEffectGraphs":true,"m_FxEnabled":true},"in2DMode":false,"pivot":{"x":-4.64078950881958,"y":1.4487048387527466,"z":-3.563632011413574},"rotation":{"x":0.055321283638477328,"y":0.7120957970619202,"z":-0.056178003549575809,"w":0.6979183554649353},"size":2.4950225353240969,"orthographic":false}