{"cameraMode":{"drawMode":0,"name":"Shaded","section":"Shading Mode"},"sceneLighting":false,"audioPlay":false,"sceneViewState":{"m_AlwaysRefresh":true,"showFog":true,"showSkybox":false,"showFlares":true,"showImageEffects":true,"showParticleSystems":true,"showVisualEffectGraphs":true,"m_FxEnabled":true},"in2DMode":false,"pivot":{"x":14.563270568847657,"y":1.5160675048828126,"z":17.15934944152832},"rotation":{"x":0.015345808118581772,"y":0.9299442768096924,"z":-0.03845865651965141,"w":0.3658897280693054},"size":1.753683090209961,"orthographic":false}