{"cameraMode":{"drawMode":0,"name":"Shaded","section":"Shading Mode"},"sceneLighting":false,"audioPlay":false,"sceneViewState":{"m_AlwaysRefresh":true,"showFog":true,"showSkybox":false,"showFlares":true,"showImageEffects":true,"showParticleSystems":true,"showVisualEffectGraphs":true,"m_FxEnabled":true},"in2DMode":false,"pivot":{"x":-7.766060829162598,"y":2.2455952167510988,"z":-0.5599982738494873},"rotation":{"x":-0.23514077067375184,"y":0.19523994624614716,"z":-0.048282746225595477,"w":-0.9509437680244446},"size":0.581560492515564,"orthographic":false}