{"cameraMode":{"drawMode":0,"name":"Shaded","section":"Shading Mode"},"sceneLighting":false,"audioPlay":false,"sceneViewState":{"m_AlwaysRefresh":true,"showFog":true,"showSkybox":false,"showFlares":true,"showImageEffects":true,"showParticleSystems":true,"showVisualEffectGraphs":true,"m_FxEnabled":true},"in2DMode":false,"pivot":{"x":-2.8350882530212404,"y":1.9036966562271119,"z":-10.014116287231446},"rotation":{"x":-0.06804447621107102,"y":-0.9136536717414856,"z":0.36217060685157778,"w":-0.17164397239685059},"size":3.3269903659820558,"orthographic":false}