{"cameraMode":{"drawMode":0,"name":"Shaded","section":"Shading Mode"},"sceneLighting":false,"audioPlay":false,"sceneViewState":{"m_AlwaysRefresh":true,"showFog":true,"showSkybox":false,"showFlares":true,"showImageEffects":true,"showParticleSystems":true,"showVisualEffectGraphs":true,"m_FxEnabled":true},"in2DMode":false,"pivot":{"x":1.5785927772521973,"y":2.0510663986206056,"z":2.1066973209381105},"rotation":{"x":-0.00003409084820304997,"y":-0.999968945980072,"z":-0.00960349291563034,"w":0.003611090825870633},"size":1.422224760055542,"orthographic":false}